calendar_event_row,event_id,review_id,review_label,reviewed_at
205,01inu0olk7bf2qg6bjkei19eqg,WR-043,Confirmed warranty claim,2026-09-27
675,6rus2009dp6776h6jmri2o918g,WR-026,Confirmed warranty claim,2026-09-27
700,3etq1jqephb4ot7f1g8grcceok,WR-044,Confirmed warranty claim,2026-09-27
763,43mp15kaoo0n53q4b9h7knbpsb,WR-045,Confirmed warranty claim,2026-09-27
830,49cg5qeg51b4h25v6u3obtqg97,WR-018,Not a warranty claim,2026-09-27
911,335bktrids36kblfbf2m1l37pp,WR-001,Confirmed warranty claim,2026-09-27
1699,7t4avqko5im62824qu21po22fb,WR-014,Not a warranty claim,2026-09-27
1736,481brt1pedlhrf1bsq7prqofha,WR-004,Not a warranty claim,2026-09-27
1905,6vvqb8j52u2kulk3npfr4eoqra,WR-005,Not a warranty claim,2026-09-27
1931,1kbbb3d3brov664lhtb7bqr2j4,WR-058,Confirmed warranty claim,2026-09-27
2408,o23d0ls8jupd0mi998i882ojks,WR-073,Confirmed warranty claim,2026-09-27
2488,chi36p9m6hh32bb3cpi36b9k6krjcbb270o66bb46sp3gd1o6cpm4chico,WR-009,Unclear,2026-09-27
2489,lsnstvftroknh3498683bahmmg,WR-010,Unclear,2026-09-27
2691,2a8aqrj3ohjfh1kr5v9vubdl1s,WR-074,Confirmed warranty claim,2026-09-27
2742,6nov1hm3jv955mdaabqssm6b3e,WR-076,Confirmed warranty claim,2026-09-27
3228,1necnlvjsms6nc5s6i69qlekms,WR-042,Confirmed warranty claim,2026-09-27
3325,5hug2jslq9tnn087ps737dgakr,WR-075,Not a warranty claim,2026-09-27
3716,1lht3fmr2rukjr61lb83j7a64c,WR-020,Confirmed warranty claim,2026-09-27
4117,6tmtjnblst58o5vj53thchieht,WR-046,Confirmed warranty claim,2026-09-27
4190,5md1psp6f8cavr4f0rrob1d2i4,WR-027,Confirmed warranty claim,2026-09-27
4387,65aa4m7kpcg5dt0tkq507ndons,WR-047,Confirmed warranty claim,2026-09-27
4392,6g0nlcoapd4la7ve981g27i2dr,WR-048,Confirmed warranty claim,2026-09-27
4529,45n3v9vlmb23rtlo3pvd9c9l24,WR-049,Confirmed warranty claim,2026-09-27
4619,5ftar6mjprmaf4ef05cn10vtc6,WR-021,Not a warranty claim,2026-09-27
4663,4g4cua3ntb51e0p492bi65kfpd,WR-028,Confirmed warranty claim,2026-09-27
4687,1mpeen2clhfiispqp00cf63atp,WR-029,Confirmed warranty claim,2026-09-27
4744,3k8lts5hc6iup90bjktqpkkm6b,WR-037,Confirmed warranty claim,2026-09-27
4748,5dnht5vv1rngmap7i4lgrr4u5t,WR-059,Confirmed warranty claim,2026-09-27
4875,15a684j9un04dudb4n3o2k38kp,WR-035,Not a warranty claim,2026-09-27
4932,4istqqdtj6j8ve6pguno7f9rcn,WR-036,Not a warranty claim,2026-09-27
5207,1ge62qg0c944s8oup8bpv5pan3,WR-060,Confirmed warranty claim,2026-09-27
5255,2uh152b4tj66uomd3ocij2nkmk,WR-061,Confirmed warranty claim,2026-09-27
5348,4l2n50m3e231ptgq9c0ubb87tc,WR-062,Confirmed warranty claim,2026-09-27
5400,5lsmj7l8fbk87hl6crdi4h84tj,WR-063,Confirmed warranty claim,2026-09-27
5594,1avb6hk4hochh0iq3nklj58j1j,WR-064,Confirmed warranty claim,2026-09-27
5642,3ed2a84e6pm5f5t6u0d4fftkb2,WR-015,Not a warranty claim,2026-09-27
5671,3h4qq2ccb35tuev0l68thon4p3,WR-007,Confirmed warranty claim,2026-09-27
5894,6pktt5spvvcbdmve96fhut81p0,WR-017,Confirmed warranty claim,2026-09-27
5954,48kmm0v9okguvvclh4jg7nt2bp,WR-041,Confirmed warranty claim,2026-09-27
6003,4ick967td2or8u7cqq8opkelcf,WR-050,Confirmed warranty claim,2026-09-27
6233,56p12pu85ik0a6k9ppcchohq22,WR-022,Confirmed warranty claim,2026-09-27
6262,19ireo2dsttd0en81e2pjoauvb,WR-012,Not a warranty claim,2026-09-27
6562,590qdnajimn0b4au0fo85jtd95,WR-030,Confirmed warranty claim,2026-09-27
6735,56pm9j9u6epocbeins82ei3mdv,WR-013,Not a warranty claim,2026-09-27
6756,7i0kev60rbnqoa7ohvt9b61q22,WR-079,Confirmed warranty claim,2026-09-27
6806,0vcbgkp0lfc6pgj1gndsc0k646,WR-051,Confirmed warranty claim,2026-09-27
6826,12jj4a2njopvu1iv31neq1uqmc,WR-031,Confirmed warranty claim,2026-09-27
6855,137fm93n987fh8n2gmp0fa1ak0,WR-011,Not a warranty claim,2026-09-27
6870,691cuhjmoveku80vk1lq8tb9a6,WR-052,Confirmed warranty claim,2026-09-27
6967,58ver08kcj4ribd6s2k82c8e8n,WR-023,Not a warranty claim,2026-09-27
7013,04boa73osc678gevqh5aomr1cp,WR-024,Not a warranty claim,2026-09-27
7089,4lmi1d7gid5a175s7c7c7tmkmh,WR-065,Confirmed warranty claim,2026-09-27
7247,1ritbjllfrgfkc270as9lsv9he,WR-038,Confirmed warranty claim,2026-09-27
7254,4a1jhlvcapl5mtss1194jh9le8,WR-066,Confirmed warranty claim,2026-09-27
7748,5qq48gal2obhlg1f139ftt0rpg,WR-077,Confirmed warranty claim,2026-09-27
7941,0jo6rh3k61lqd2uteltgs456pd,WR-002,Confirmed warranty claim,2026-09-27
8225,1p60p917ndl2bvnmkcd0c49dp6,WR-053,Confirmed warranty claim,2026-09-27
8271,5jnsn0eljjemnrvpn9a3mql884,WR-025,Confirmed warranty claim,2026-09-27
8272,6kifbr52a7pvji8higg3khnega,WR-032,Confirmed warranty claim,2026-09-27
8469,2m4f7j06960ep5oa226k823r06,WR-054,Confirmed warranty claim,2026-09-27
8529,4vvp3i1f0aicmuamgs66nv9149,WR-055,Confirmed warranty claim,2026-09-27
8560,4p74uuiomor1oiejehc4d74rqc,WR-019,Confirmed warranty claim,2026-09-27
8773,2sh24bjj1ip78r6obftl6d1c9u,WR-080,Confirmed warranty claim,2026-09-27
8779,4gcnp8ofbqm29i290jgbrrbgt0,WR-056,Confirmed warranty claim,2026-09-27
8793,1o03eol8g01srr0e7e8oduoggk,WR-057,Confirmed warranty claim,2026-09-27
8901,7e7pl627f2vvenfsr6dtucugnr,WR-039,Confirmed warranty claim,2026-09-27
8944,2dl4s2148a4s8ck7kjotqv02ov,WR-067,Confirmed warranty claim,2026-09-27
8979,7l9j3t8ghqm2mj1fjnh7tph17v,WR-068,Confirmed warranty claim,2026-09-27
9237,3gttdedq45to87vtlmnuc6bp3d,WR-003,Not a warranty claim,2026-09-27
9346,4je89g723civm0b0g1qj1t343l,WR-069,Confirmed warranty claim,2026-09-27
9892,372snjh5bm04m5ujshr1fj6ld9,WR-008,Confirmed warranty claim,2026-09-27
10191,5m9o1g29e8pt3l4f2jc7n12qdr,WR-033,Confirmed warranty claim,2026-09-27
10342,6gos6a1epgn9c5lpuqe7r7e87d,WR-078,Confirmed warranty claim,2026-09-27
10345,4tubrii2aiha96b53hfivgeuj7,WR-034,Confirmed warranty claim,2026-09-27
10711,0hbo4ir9vn3u763jrsk8p09irn,WR-006,Confirmed warranty claim,2026-09-27
10771,4lfbbrutr1dmlrr0tnfdr4i8vu,WR-040,Confirmed warranty claim,2026-09-27
10972,4o0crsv124mikoh191kq9qgq71,WR-016,Not a warranty claim,2026-09-27
11037,5m4dhnqti2p9ivkc2nrc84g4a2,WR-070,Confirmed warranty claim,2026-09-27
11069,1sf9u3rttfu05k07ddv1upnvio,WR-071,Confirmed warranty claim,2026-09-27
11100,2f3gee9hkfh2237uirj23simrn,WR-072,Confirmed warranty claim,2026-09-27
