finding_id,source,object,quality_dimension,severity,evidence,analytical_risk,next_check,status
DQ-001,Google Sheets,Two discovered workbooks,consistency,Medium,Workbook timezone is Asia/Hong_Kong while Calendar timezone is Asia/Kuala_Lumpur,Date boundaries may be interpreted inconsistently even though both zones are currently UTC+8,Confirm company reporting timezone and normalise all timestamps,Open
DQ-002,Google Sheets,SALES,schema_validity,Medium,The first detected header cell is an email-like identifier rather than a business field name,The first column may be mapped incorrectly or expose an unnecessary identifier,Inspect rows 1 to 4 locally and assign an explicit safe canonical name or exclude it,Open
DQ-003,Google Sheets,SALES,schema_uniqueness,High,INVOICE ID appears twice in the header row,Automated mapping can overwrite or confuse deposit and balance invoice references,Rename the two fields according to their business meaning before transformation,Open
DQ-004,Google Sheets,WARRANTY CLAIM,key_integrity,High,No stable warranty claim identifier is visible in the confirmed headers,Claims cannot be tested for uniqueness or linked reliably without a composite key,Test Customer ID plus claim or service date and ask whether a claim reference can be added,Open
DQ-005,Google Sheets,WARRANTY CLAIM,shape,Medium,Technicians are stored in repeated first-to-seventh-service columns,Wide-form sessions complicate technician workload and recurrence analysis,Unpivot technician and service-session columns into one row per session,Open
DQ-006,Google Sheets,PAYMENT LINK,join_integrity,High,No Customer ID is visible and Phone Number is the likely linkage field,Phone formatting or shared numbers may create missed or incorrect joins,Measure normalized-phone uniqueness and match coverage against prospects and sales,Open
DQ-007,Google Sheets,REFUND,privacy,High,Bank account number is present in the source headers,Financial identifiers are unnecessary for the planned analytics and create avoidable exposure,Exclude bank account number from analytical extracts and reporting layers,Open
DQ-008,Google Sheets,SALES,shape,Medium,Upsell information is embedded across GPC UPSELL A-F and TECHNICIAN UPSELL columns,One sales row can contain multiple upsell stages and does not represent one offer,Define the value meanings and unpivot to one row per upsell opportunity if analytically usable,Open
DQ-009,Google Sheets,Prospect campaign and experiment tabs,duplication,High,Multiple campaign follow-up and experiment tabs may overlap with the main 2026 prospect tab,Naively combining tabs can double-count leads and inflate conversion measures,Compare normalized phone and booking identifiers across tabs before unioning,Open
DQ-010,Google Sheets,Year End Promo 2025; Experiment 13.01.26; LTV,schema_validity,Medium,The first candidate row was not confidently identified as a header,Column profiling would be unreliable if the wrong header row is used,Inspect only the first few rows locally and confirm the header position,Open
DQ-011,Google Sheets,Prospects 2026,completeness,Medium,"BOOKING; CAN I KNOW MORE; PAYMENT LINK SENT; and CATEGORY were 100% missing in the first 1000 loaded rows",These fields cannot support analysis for the tested portion and may be unused template columns,Profile the complete used range and confirm whether the columns are intentionally unused,Open
DQ-012,Google Sheets,Prospects 2026,key_uniqueness,High,NO TELEFON contained 1000 populated values but only 996 distinct values in the first 1000 rows,Phone number is not a guaranteed primary key and may represent repeat leads or formatting duplicates,Normalise phone values and inspect duplicate cases before using phone for joins,Open
DQ-013,Google Sheets,Prospects 2026,duplication,Critical,Full populated-range extraction returned 32580 rows with 17959 exact duplicates or 55.12%,Naive lead totals and conversion rates would be severely overstated,Define a business-row filter and distinguish formula or template rows from real prospect records before deduplication,Open
DQ-014,Google Sheets,B2B FOLLOW UP,duplication,High,Full populated-range extraction returned 188 rows with 32 exact duplicates or 17.02%,Follow-up workload and lead counts may be overstated,Identify whether duplicates are repeated formulas copied records or intentional repeated contacts,Open
DQ-015,Google Calendar,Six confirmed calendars,timeliness_and_coverage,High,Calendar coverage starts between 2023-10-02 and 2026-03-30 depending on the team,Comparing total workload across teams over unequal history would be misleading,Use a common analysis window and show calendar-specific coverage dates,Open
DQ-016,Google Sheets,WARRANTY CLAIM,volume,Low,Full extraction contains 360 rows rather than the approximate 200-plus estimate used during CP1,The modelling and evaluation plan should use the actual labelled and usable row count rather than the proposal estimate,Measure populated outcomes valid dates and service-link coverage before deciding whether modelling is viable,Open
DQ-017,Google Sheets,Prospects 2026,semantic_duplication,High,Business owner confirmed that the same customer may start another conversation by clicking an advertisement again,Deduplicating only by phone would delete legitimate prospect interactions,Keep interaction-level rows; separate exact copied-row removal from repeat-customer analysis; define a repeat-interaction window,Open
DQ-018,Google Sheets and Calendar,SALES service-date columns,timeliness,Critical,Business owner confirmed that SALES service-date fields are not kept updated and Calendar contains the accurate operational dates,Service recurrence technician workload and warranty timing would be wrong if SALES dates were used,Use Calendar event start as the operational date of record and measure customer-to-event match coverage,Decision recorded
DQ-019,Google Sheets,Commercial Clients,lineage_and_duplication,High,Business owner confirmed that Commercial Clients is auto-filled from the customer type entered in SALES,Combining both tabs as independent facts would double-count commercial sales,Use SALES as authority and Commercial Clients only for reconciliation or convenience checks,Decision recorded
DQ-020,Google Sheets,Recurring Payments,lineage_and_shape,High,Business owner confirmed that recurring B2B records are derived from SALES and use repeated monthly or quarterly payment columns,Counting the tab as separate sales or treating repeated columns as transactions would distort revenue,Link back by Customer ID and unpivot schedules only after value semantics and yearly representation are confirmed,Open
DQ-021,Google Sheets,LTV,relevance,Low,Business owner confirmed that the LTV tab is not used,Profiling or loading the tab would add unnecessary complexity and unreliable fields,Exclude LTV from the initial and expanded pipelines unless business use changes,Closed
DQ-022,Google Sheets and Calendar,WARRANTY CLAIM,date_authority,High,Business owner confirmed that warranty Sheet details are useful but accurate service and warranty-visit dates must be obtained from Calendar,Warranty intervals and technician attribution may be incorrect without event matching,Match claims by Customer ID phone name and date context where available; report match confidence and unmatched claims,Open
