workbook,tab,column_position,source_header,scope,bronze_status,silver_status,column_treatment,remaining_check
"Prospects List - Nomobug","2026","1","No","primary","verified_loaded","initial_views_deployed_not_fully_validated","retain_raw_then_validate","Confirm meaning and observed type; do not infer missing values."
"Prospects List - Nomobug","2026","2","NO TELEFON","primary","verified_loaded","initial_views_deployed_not_fully_validated","retain_raw_then_validate","Protected raw/matching data; do not expose unredacted on shared dashboards."
"Prospects List - Nomobug","2026","3","PLATFORM (Ads / Website)","primary","verified_loaded","initial_views_deployed_not_fully_validated","retain_raw_then_validate","Confirm meaning and observed type; do not infer missing values."
"Prospects List - Nomobug","2026","4","BOOKING","primary","verified_loaded","initial_views_deployed_not_fully_validated","retain_raw_then_validate","Confirm meaning and observed type; do not infer missing values."
"Prospects List - Nomobug","2026","5","CAN I KNOW MORE","primary","verified_loaded","initial_views_deployed_not_fully_validated","retain_raw_then_validate","Confirm meaning and observed type; do not infer missing values."
"Prospects List - Nomobug","2026","6","RESIDENTIAL/BUSINESS","primary","verified_loaded","initial_views_deployed_not_fully_validated","retain_raw_then_validate","Confirm meaning and observed type; do not infer missing values."
"Prospects List - Nomobug","2026","7","GPC / ANAI ANAI","primary","verified_loaded","initial_views_deployed_not_fully_validated","retain_raw_then_validate","Confirm meaning and observed type; do not infer missing values."
"Prospects List - Nomobug","2026","8","STATUS OPEN / CLOSED","primary","verified_loaded","initial_views_deployed_not_fully_validated","retain_raw_then_validate","Confirm meaning and observed type; do not infer missing values."
"Prospects List - Nomobug","2026","9","PIC","primary","verified_loaded","initial_views_deployed_not_fully_validated","retain_raw_then_validate","Confirm meaning and observed type; do not infer missing values."
"Prospects List - Nomobug","2026","10","PAYMENT LINK SENT (PAID / SENT)","primary","verified_loaded","initial_views_deployed_not_fully_validated","retain_raw_then_validate","Confirm meaning and observed type; do not infer missing values."
"Prospects List - Nomobug","2026","11","CATEGORY","primary","verified_loaded","initial_views_deployed_not_fully_validated","retain_raw_then_validate","Confirm meaning and observed type; do not infer missing values."
"Prospects List - Nomobug","2026","12","REMARK","primary","verified_loaded","initial_views_deployed_not_fully_validated","retain_raw_then_validate","Protected raw/matching data; do not expose unredacted on shared dashboards."
"Prospects List - Nomobug","2026","13","ENGAGE","primary","verified_loaded","initial_views_deployed_not_fully_validated","retain_raw_then_validate","Confirm meaning and observed type; do not infer missing values."
"Prospects List - Nomobug","2026","14","1st F/UP","primary","verified_loaded","initial_views_deployed_not_fully_validated","retain_raw_then_validate","Confirm meaning and observed type; do not infer missing values."
"Prospects List - Nomobug","2026","15","2nd F/UP","primary","verified_loaded","initial_views_deployed_not_fully_validated","retain_raw_then_validate","Confirm meaning and observed type; do not infer missing values."
"Prospects List - Nomobug","2026","16","3rd F/UP","primary","verified_loaded","initial_views_deployed_not_fully_validated","retain_raw_then_validate","Confirm meaning and observed type; do not infer missing values."
"Prospects List - Nomobug","2026","17","4th F/UP","primary","verified_loaded","initial_views_deployed_not_fully_validated","retain_raw_then_validate","Confirm meaning and observed type; do not infer missing values."
"Prospects List - Nomobug","2026","18","5th F/UP","primary","verified_loaded","initial_views_deployed_not_fully_validated","retain_raw_then_validate","Confirm meaning and observed type; do not infer missing values."
"Prospects List - Nomobug","2026","19","","primary","verified_loaded","initial_views_deployed_not_fully_validated","retain_unmapped","Blank/error/numeric header; positional identity only until meaning verified."
"Prospects List - Nomobug","2026","20","","primary","verified_loaded","initial_views_deployed_not_fully_validated","retain_unmapped","Blank/error/numeric header; positional identity only until meaning verified."
"Prospects List - Nomobug","2026","21","","primary","verified_loaded","initial_views_deployed_not_fully_validated","retain_unmapped","Blank/error/numeric header; positional identity only until meaning verified."
"Prospects List - Nomobug","2026","22","","primary","verified_loaded","initial_views_deployed_not_fully_validated","retain_unmapped","Blank/error/numeric header; positional identity only until meaning verified."
"Prospects List - Nomobug","2026","23","","primary","verified_loaded","initial_views_deployed_not_fully_validated","retain_unmapped","Blank/error/numeric header; positional identity only until meaning verified."
"Prospects List - Nomobug","2026","24","","primary","verified_loaded","initial_views_deployed_not_fully_validated","retain_unmapped","Blank/error/numeric header; positional identity only until meaning verified."
"Prospects List - Nomobug","B2B FOLLOW UP","1","Engage Date","primary","verified_loaded","initial_views_deployed_not_fully_validated","retain_raw_then_validate","Validate format and meaning; no assumed day/month order."
"Prospects List - Nomobug","B2B FOLLOW UP","2","Follow Up Call","primary","verified_loaded","initial_views_deployed_not_fully_validated","retain_raw_then_validate","Confirm meaning and observed type; do not infer missing values."
"Prospects List - Nomobug","B2B FOLLOW UP","3","Phone No.","primary","verified_loaded","initial_views_deployed_not_fully_validated","retain_raw_then_validate","Protected raw/matching data; do not expose unredacted on shared dashboards."
"Prospects List - Nomobug","B2B FOLLOW UP","4","Ad /B2B Cold","primary","verified_loaded","initial_views_deployed_not_fully_validated","retain_raw_then_validate","Confirm meaning and observed type; do not infer missing values."
"Prospects List - Nomobug","B2B FOLLOW UP","5","Business Name","primary","verified_loaded","initial_views_deployed_not_fully_validated","retain_raw_then_validate","Protected raw/matching data; do not expose unredacted on shared dashboards."
"Prospects List - Nomobug","B2B FOLLOW UP","6","Business Type","primary","verified_loaded","initial_views_deployed_not_fully_validated","retain_raw_then_validate","Confirm meaning and observed type; do not infer missing values."
"Prospects List - Nomobug","B2B FOLLOW UP","7","Status","primary","verified_loaded","initial_views_deployed_not_fully_validated","retain_raw_then_validate","Confirm meaning and observed type; do not infer missing values."
"Prospects List - Nomobug","B2B FOLLOW UP","8","Who did Site Visit","primary","verified_loaded","initial_views_deployed_not_fully_validated","retain_raw_then_validate","Confirm meaning and observed type; do not infer missing values."
"Prospects List - Nomobug","B2B FOLLOW UP","9","Price @ Site Visit","primary","verified_loaded","initial_views_deployed_not_fully_validated","retain_raw_then_validate","Confirm meaning and observed type; do not infer missing values."
"Prospects List - Nomobug","B2B FOLLOW UP","10","F/U Call","primary","verified_loaded","initial_views_deployed_not_fully_validated","retain_raw_then_validate","Confirm meaning and observed type; do not infer missing values."
"Prospects List - Nomobug","B2B FOLLOW UP","11","Feedback from call","primary","verified_loaded","initial_views_deployed_not_fully_validated","retain_raw_then_validate","Protected raw/matching data; do not expose unredacted on shared dashboards."
"Prospects List - Nomobug","B2B FOLLOW UP","12","Decision Maker Present During Site visit","primary","verified_loaded","initial_views_deployed_not_fully_validated","retain_raw_then_validate","Confirm meaning and observed type; do not infer missing values."
"Prospects List - Nomobug","B2B FOLLOW UP","13","Remark","primary","verified_loaded","initial_views_deployed_not_fully_validated","retain_raw_then_validate","Protected raw/matching data; do not expose unredacted on shared dashboards."
"Prospects List - Nomobug","B2B FOLLOW UP","14","Closing Date","primary","verified_loaded","initial_views_deployed_not_fully_validated","retain_raw_then_validate","Validate format and meaning; no assumed day/month order."
"Prospects List - Nomobug","B2B FOLLOW UP","15","Appointment Date","primary","verified_loaded","initial_views_deployed_not_fully_validated","retain_raw_then_validate","Validate format and meaning; no assumed day/month order."
"Prospects List - Nomobug","B2B FOLLOW UP","16","Quotation Sent","primary","verified_loaded","initial_views_deployed_not_fully_validated","retain_raw_then_validate","Confirm meaning and observed type; do not infer missing values."
"Prospects List - Nomobug","B2B FOLLOW UP","17","F/U1 (WA)","primary","verified_loaded","initial_views_deployed_not_fully_validated","retain_raw_then_validate","Confirm meaning and observed type; do not infer missing values."
"Prospects List - Nomobug","B2B FOLLOW UP","18","F/U2 (WA)","primary","verified_loaded","initial_views_deployed_not_fully_validated","retain_raw_then_validate","Confirm meaning and observed type; do not infer missing values."
"Prospects List - Nomobug","B2B FOLLOW UP","19","F/U3 (WA)","primary","verified_loaded","initial_views_deployed_not_fully_validated","retain_raw_then_validate","Confirm meaning and observed type; do not infer missing values."
"Prospects List - Nomobug","B2B FOLLOW UP","20","F/U4 (WA)","primary","verified_loaded","initial_views_deployed_not_fully_validated","retain_raw_then_validate","Confirm meaning and observed type; do not infer missing values."
"Prospects List - Nomobug","B2B FOLLOW UP","21","Lead to Appointment","primary","verified_loaded","initial_views_deployed_not_fully_validated","retain_raw_then_validate","Confirm meaning and observed type; do not infer missing values."
"Prospects List - Nomobug","B2B FOLLOW UP","22","Appointment to Close","primary","verified_loaded","initial_views_deployed_not_fully_validated","retain_raw_then_validate","Confirm meaning and observed type; do not infer missing values."
"Prospects List - Nomobug","B2B FOLLOW UP","23","","primary","verified_loaded","initial_views_deployed_not_fully_validated","retain_unmapped","Blank/error/numeric header; positional identity only until meaning verified."
"Prospects List - Nomobug","B2B FOLLOW UP","24","","primary","verified_loaded","initial_views_deployed_not_fully_validated","retain_unmapped","Blank/error/numeric header; positional identity only until meaning verified."
"Prospects List - Nomobug","B2B FOLLOW UP","25","","primary","verified_loaded","initial_views_deployed_not_fully_validated","retain_unmapped","Blank/error/numeric header; positional identity only until meaning verified."
"SESSION & PAYMENT (NMB)- CHIA","SALES","1","11","primary","verified_loaded","initial_views_deployed_not_fully_validated","retain_unmapped","Blank/error/numeric header; positional identity only until meaning verified."
"SESSION & PAYMENT (NMB)- CHIA","SALES","2","PIC","primary","verified_loaded","initial_views_deployed_not_fully_validated","retain_raw_then_validate","Confirm meaning and observed type; do not infer missing values."
"SESSION & PAYMENT (NMB)- CHIA","SALES","3","Time Stamp","primary","verified_loaded","initial_views_deployed_not_fully_validated","retain_raw_then_validate","Validate format and meaning; no assumed day/month order."
"SESSION & PAYMENT (NMB)- CHIA","SALES","4","Closed Date","primary","verified_loaded","initial_views_deployed_not_fully_validated","retain_raw_then_validate","Validate format and meaning; no assumed day/month order."
"SESSION & PAYMENT (NMB)- CHIA","SALES","5","First Contact Date","primary","verified_loaded","initial_views_deployed_not_fully_validated","retain_raw_then_validate","Validate format and meaning; no assumed day/month order."
"SESSION & PAYMENT (NMB)- CHIA","SALES","6","#VALUE!","primary","verified_loaded","initial_views_deployed_not_fully_validated","retain_unmapped","Blank/error/numeric header; positional identity only until meaning verified."
"SESSION & PAYMENT (NMB)- CHIA","SALES","7","CUSTOMER ID","primary","verified_loaded","initial_views_deployed_not_fully_validated","retain_raw_then_validate","Sales-record reference, not a persistent person ID; validate one/multiple references."
"SESSION & PAYMENT (NMB)- CHIA","SALES","8","Ad","primary","verified_loaded","initial_views_deployed_not_fully_validated","retain_raw_then_validate","Confirm meaning and observed type; do not infer missing values."
"SESSION & PAYMENT (NMB)- CHIA","SALES","9","Customer Name","primary","verified_loaded","initial_views_deployed_not_fully_validated","retain_raw_then_validate","Protected raw/matching data; do not expose unredacted on shared dashboards."
"SESSION & PAYMENT (NMB)- CHIA","SALES","10","No Telefon","primary","verified_loaded","initial_views_deployed_not_fully_validated","retain_raw_then_validate","Protected raw/matching data; do not expose unredacted on shared dashboards."
"SESSION & PAYMENT (NMB)- CHIA","SALES","11","Alamat","primary","verified_loaded","initial_views_deployed_not_fully_validated","retain_raw_then_validate","Protected raw/matching data; do not expose unredacted on shared dashboards."
"SESSION & PAYMENT (NMB)- CHIA","SALES","12","EMEL","primary","verified_loaded","initial_views_deployed_not_fully_validated","retain_raw_then_validate","Protected raw/matching data; do not expose unredacted on shared dashboards."
"SESSION & PAYMENT (NMB)- CHIA","SALES","13","PREMISE (RESIDENTIAL / COMMERCIAL)","primary","verified_loaded","initial_views_deployed_not_fully_validated","retain_raw_then_validate","Confirm meaning and observed type; do not infer missing values."
"SESSION & PAYMENT (NMB)- CHIA","SALES","14","Total Session","primary","verified_loaded","initial_views_deployed_not_fully_validated","retain_raw_then_validate","Confirm meaning and observed type; do not infer missing values."
"SESSION & PAYMENT (NMB)- CHIA","SALES","15","Done Session","primary","verified_loaded","initial_views_deployed_not_fully_validated","retain_raw_then_validate","Confirm meaning and observed type; do not infer missing values."
"SESSION & PAYMENT (NMB)- CHIA","SALES","16","Balance Session","primary","verified_loaded","initial_views_deployed_not_fully_validated","retain_raw_then_validate","Confirm meaning and observed type; do not infer missing values."
"SESSION & PAYMENT (NMB)- CHIA","SALES","17","First Session Date","primary","verified_loaded","initial_views_deployed_not_fully_validated","retain_raw_calendar_authoritative","Calendar controls accurate operational service dates; scheduled is not completed."
"SESSION & PAYMENT (NMB)- CHIA","SALES","18","Second Session Date","primary","verified_loaded","initial_views_deployed_not_fully_validated","retain_raw_calendar_authoritative","Calendar controls accurate operational service dates; scheduled is not completed."
"SESSION & PAYMENT (NMB)- CHIA","SALES","19","Third Session Date","primary","verified_loaded","initial_views_deployed_not_fully_validated","retain_raw_calendar_authoritative","Calendar controls accurate operational service dates; scheduled is not completed."
"SESSION & PAYMENT (NMB)- CHIA","SALES","20","PREVIOUS SESSION (Subscription)","primary","verified_loaded","initial_views_deployed_not_fully_validated","retain_raw_then_validate","Confirm meaning and observed type; do not infer missing values."
"SESSION & PAYMENT (NMB)- CHIA","SALES","21","Next Session Date (Subscription)","primary","verified_loaded","initial_views_deployed_not_fully_validated","retain_raw_calendar_authoritative","Calendar controls accurate operational service dates; scheduled is not completed."
"SESSION & PAYMENT (NMB)- CHIA","SALES","22","TRBS (YES / NO)","primary","verified_loaded","initial_views_deployed_not_fully_validated","retain_raw_then_validate","Confirm meaning and observed type; do not infer missing values."
"SESSION & PAYMENT (NMB)- CHIA","SALES","23","TRBS COLLECTION DATE","primary","verified_loaded","initial_views_deployed_not_fully_validated","retain_raw_then_validate","Validate format and meaning; no assumed day/month order."
"SESSION & PAYMENT (NMB)- CHIA","SALES","24","CLEAR / DEPOSIT","primary","verified_loaded","initial_views_deployed_not_fully_validated","retain_raw_then_validate","Confirm meaning and observed type; do not infer missing values."
"SESSION & PAYMENT (NMB)- CHIA","SALES","25","TYPE OF PEST","primary","verified_loaded","initial_views_deployed_not_fully_validated","retain_raw_then_validate","Confirm meaning and observed type; do not infer missing values."
"SESSION & PAYMENT (NMB)- CHIA","SALES","26","TYPE OF PACKAGE","primary","verified_loaded","initial_views_deployed_not_fully_validated","retain_raw_then_validate","Confirm meaning and observed type; do not infer missing values."
"SESSION & PAYMENT (NMB)- CHIA","SALES","27","CONTRACT TYPE","primary","verified_loaded","initial_views_deployed_not_fully_validated","retain_raw_then_validate","Confirm meaning and observed type; do not infer missing values."
"SESSION & PAYMENT (NMB)- CHIA","SALES","28","Total (RM)","primary","verified_loaded","initial_views_deployed_not_fully_validated","retain_raw_then_validate","Confirm meaning and observed type; do not infer missing values."
"SESSION & PAYMENT (NMB)- CHIA","SALES","29","DEPOSIT PAID (RM)","primary","verified_loaded","initial_views_deployed_not_fully_validated","retain_raw_then_validate","Confirm meaning and observed type; do not infer missing values."
"SESSION & PAYMENT (NMB)- CHIA","SALES","30","INVOICE ID","primary","verified_loaded","initial_views_deployed_not_fully_validated","retain_raw_then_validate","Confirm meaning and observed type; do not infer missing values."
"SESSION & PAYMENT (NMB)- CHIA","SALES","31","BALANCE PAID (RM)","primary","verified_loaded","initial_views_deployed_not_fully_validated","retain_raw_then_validate","Confirm meaning and observed type; do not infer missing values."
"SESSION & PAYMENT (NMB)- CHIA","SALES","32","INVOICE ID","primary","verified_loaded","initial_views_deployed_not_fully_validated","retain_raw_then_validate","Confirm meaning and observed type; do not infer missing values."
"SESSION & PAYMENT (NMB)- CHIA","SALES","33","#VALUE!","primary","verified_loaded","initial_views_deployed_not_fully_validated","retain_unmapped","Blank/error/numeric header; positional identity only until meaning verified."
"SESSION & PAYMENT (NMB)- CHIA","SALES","34","GPC UPSELL A (5 DAYS)","primary","verified_loaded","initial_views_deployed_not_fully_validated","retain_raw_then_validate","Confirm meaning and observed type; do not infer missing values."
"SESSION & PAYMENT (NMB)- CHIA","SALES","35","GPC UPSELL B (6 DAYS)","primary","verified_loaded","initial_views_deployed_not_fully_validated","retain_raw_then_validate","Confirm meaning and observed type; do not infer missing values."
"SESSION & PAYMENT (NMB)- CHIA","SALES","36","GPC UPSELL C (7 DAYS)","primary","verified_loaded","initial_views_deployed_not_fully_validated","retain_raw_then_validate","Confirm meaning and observed type; do not infer missing values."
"SESSION & PAYMENT (NMB)- CHIA","SALES","37","GPC UPSELL D (1 DAY AFTER 3RD SERVICE)","primary","verified_loaded","initial_views_deployed_not_fully_validated","retain_raw_then_validate","Confirm meaning and observed type; do not infer missing values."
"SESSION & PAYMENT (NMB)- CHIA","SALES","38","GPC UPSELL E (31 DAY AFTER 3RD SERVICE)","primary","verified_loaded","initial_views_deployed_not_fully_validated","retain_raw_then_validate","Confirm meaning and observed type; do not infer missing values."
"SESSION & PAYMENT (NMB)- CHIA","SALES","39","GPC UPSELL F (36 DAY AFTER 3RD SERVICE)","primary","verified_loaded","initial_views_deployed_not_fully_validated","retain_raw_then_validate","Confirm meaning and observed type; do not infer missing values."
"SESSION & PAYMENT (NMB)- CHIA","SALES","40","Fill in remark","primary","verified_loaded","initial_views_deployed_not_fully_validated","retain_raw_then_validate","Protected raw/matching data; do not expose unredacted on shared dashboards."
"SESSION & PAYMENT (NMB)- CHIA","SALES","41","REMARK","primary","verified_loaded","initial_views_deployed_not_fully_validated","retain_raw_then_validate","Protected raw/matching data; do not expose unredacted on shared dashboards."
"SESSION & PAYMENT (NMB)- CHIA","SALES","42","TECHNICIAN UPSELL","primary","verified_loaded","initial_views_deployed_not_fully_validated","retain_raw_then_validate","Confirm meaning and observed type; do not infer missing values."
"SESSION & PAYMENT (NMB)- CHIA","SALES","43","Review","primary","verified_loaded","initial_views_deployed_not_fully_validated","retain_raw_then_validate","Confirm meaning and observed type; do not infer missing values."
"SESSION & PAYMENT (NMB)- CHIA","PAYMENTS","1","Date","primary","verified_loaded","initial_views_deployed_not_fully_validated","retain_raw_then_validate","Validate format and meaning; no assumed day/month order."
"SESSION & PAYMENT (NMB)- CHIA","PAYMENTS","2","Customer ID","primary","verified_loaded","initial_views_deployed_not_fully_validated","retain_raw_then_validate","Sales-record reference, not a persistent person ID; validate one/multiple references."
"SESSION & PAYMENT (NMB)- CHIA","PAYMENTS","3","Amount (RM)","primary","verified_loaded","initial_views_deployed_not_fully_validated","retain_raw_then_validate","Confirm meaning and observed type; do not infer missing values."
"SESSION & PAYMENT (NMB)- CHIA","PAYMENTS","4","Recipient Reference","primary","verified_loaded","initial_views_deployed_not_fully_validated","retain_raw_then_validate","Confirm meaning and observed type; do not infer missing values."
"SESSION & PAYMENT (NMB)- CHIA","PAYMENTS","5","Customer Name","primary","verified_loaded","initial_views_deployed_not_fully_validated","retain_raw_then_validate","Protected raw/matching data; do not expose unredacted on shared dashboards."
"SESSION & PAYMENT (NMB)- CHIA","PAYMENTS","6","Payment Method","primary","verified_loaded","initial_views_deployed_not_fully_validated","retain_raw_then_validate","Confirm meaning and observed type; do not infer missing values."
"SESSION & PAYMENT (NMB)- CHIA","PAYMENTS","7","Complete / Pending","primary","verified_loaded","initial_views_deployed_not_fully_validated","retain_raw_then_validate","Confirm meaning and observed type; do not infer missing values."
"SESSION & PAYMENT (NMB)- CHIA","PAYMENTS","8","Remarks","primary","verified_loaded","initial_views_deployed_not_fully_validated","retain_raw_then_validate","Protected raw/matching data; do not expose unredacted on shared dashboards."
"SESSION & PAYMENT (NMB)- CHIA","PAYMENTS","9","EXTRA","primary","verified_loaded","initial_views_deployed_not_fully_validated","retain_raw_then_validate","Confirm meaning and observed type; do not infer missing values."
"SESSION & PAYMENT (NMB)- CHIA","PAYMENTS","10","","primary","verified_loaded","initial_views_deployed_not_fully_validated","retain_unmapped","Blank/error/numeric header; positional identity only until meaning verified."
"SESSION & PAYMENT (NMB)- CHIA","PAYMENTS","11","","primary","verified_loaded","initial_views_deployed_not_fully_validated","retain_unmapped","Blank/error/numeric header; positional identity only until meaning verified."
"SESSION & PAYMENT (NMB)- CHIA","PAYMENTS","12","","primary","verified_loaded","initial_views_deployed_not_fully_validated","retain_unmapped","Blank/error/numeric header; positional identity only until meaning verified."
"SESSION & PAYMENT (NMB)- CHIA","PAYMENT LINK","1","Date","primary","verified_loaded","silver_deployed","retain_raw_then_validate","Validate format and meaning; no assumed day/month order."
"SESSION & PAYMENT (NMB)- CHIA","PAYMENT LINK","2","Phone Number","primary","verified_loaded","silver_deployed","retain_raw_then_validate","Protected raw/matching data; do not expose unredacted on shared dashboards."
"SESSION & PAYMENT (NMB)- CHIA","PAYMENT LINK","3","INFO REQUESTED","primary","verified_loaded","silver_deployed","retain_raw_then_validate","Confirm meaning and observed type; do not infer missing values."
"SESSION & PAYMENT (NMB)- CHIA","PAYMENT LINK","4","INVOICE SHARED","primary","verified_loaded","silver_deployed","retain_raw_then_validate","Confirm meaning and observed type; do not infer missing values."
"SESSION & PAYMENT (NMB)- CHIA","PAYMENT LINK","5","WON / PENDING","primary","verified_loaded","silver_deployed","retain_raw_then_validate","Confirm meaning and observed type; do not infer missing values."
"SESSION & PAYMENT (NMB)- CHIA","PAYMENT LINK","6","REMARKS","primary","verified_loaded","silver_deployed","retain_raw_then_validate","Protected raw/matching data; do not expose unredacted on shared dashboards."
"SESSION & PAYMENT (NMB)- CHIA","PAYMENT LINK","7","","primary","verified_loaded","silver_deployed","retain_unmapped","Blank/error/numeric header; positional identity only until meaning verified."
"SESSION & PAYMENT (NMB)- CHIA","PAYMENT LINK","8","","primary","verified_loaded","silver_deployed","retain_unmapped","Blank/error/numeric header; positional identity only until meaning verified."
"SESSION & PAYMENT (NMB)- CHIA","PAYMENT LINK","9","","primary","verified_loaded","silver_deployed","retain_unmapped","Blank/error/numeric header; positional identity only until meaning verified."
"SESSION & PAYMENT (NMB)- CHIA","WARRANTY CLAIM","1","Date","primary","verified_loaded","silver_deployed","retain_raw_then_validate","Validate format and meaning; no assumed day/month order."
"SESSION & PAYMENT (NMB)- CHIA","WARRANTY CLAIM","2","Customer ID","primary","verified_loaded","silver_deployed","retain_raw_then_validate","Sales-record reference, not a persistent person ID; validate one/multiple references."
"SESSION & PAYMENT (NMB)- CHIA","WARRANTY CLAIM","3","Purchase Date","primary","verified_loaded","silver_deployed","retain_raw_then_validate","Validate format and meaning; no assumed day/month order."
"SESSION & PAYMENT (NMB)- CHIA","WARRANTY CLAIM","4","Warranty End Date","primary","verified_loaded","silver_deployed","retain_raw_then_validate","Validate format and meaning; no assumed day/month order."
"SESSION & PAYMENT (NMB)- CHIA","WARRANTY CLAIM","5","Complimentary Service Date","primary","verified_loaded","silver_deployed","retain_raw_calendar_authoritative","Calendar controls accurate operational service dates; scheduled is not completed."
"SESSION & PAYMENT (NMB)- CHIA","WARRANTY CLAIM","6","Warranty Claim (Service) Date","primary","verified_loaded","silver_deployed","retain_raw_calendar_authoritative","Calendar controls accurate operational service dates; scheduled is not completed."
"SESSION & PAYMENT (NMB)- CHIA","WARRANTY CLAIM","7","Refund Date","primary","verified_loaded","silver_deployed","retain_raw_then_validate","Validate format and meaning; no assumed day/month order."
"SESSION & PAYMENT (NMB)- CHIA","WARRANTY CLAIM","8","1st Service TECHNICIAN","primary","verified_loaded","silver_deployed","retain_raw_pending_unpivot","Unpivot to claim + service sequence + technician; verify Calendar timing."
"SESSION & PAYMENT (NMB)- CHIA","WARRANTY CLAIM","9","2nd Service TECHNICIAN","primary","verified_loaded","silver_deployed","retain_raw_pending_unpivot","Unpivot to claim + service sequence + technician; verify Calendar timing."
"SESSION & PAYMENT (NMB)- CHIA","WARRANTY CLAIM","10","3rd Service TECHNICIAN","primary","verified_loaded","silver_deployed","retain_raw_pending_unpivot","Unpivot to claim + service sequence + technician; verify Calendar timing."
"SESSION & PAYMENT (NMB)- CHIA","WARRANTY CLAIM","11","4th Service TECHNICIAN","primary","verified_loaded","silver_deployed","retain_raw_pending_unpivot","Unpivot to claim + service sequence + technician; verify Calendar timing."
"SESSION & PAYMENT (NMB)- CHIA","WARRANTY CLAIM","12","5th Service TECHNICIAN","primary","verified_loaded","silver_deployed","retain_raw_pending_unpivot","Unpivot to claim + service sequence + technician; verify Calendar timing."
"SESSION & PAYMENT (NMB)- CHIA","WARRANTY CLAIM","13","6th Service TECHNICIAN","primary","verified_loaded","silver_deployed","retain_raw_pending_unpivot","Unpivot to claim + service sequence + technician; verify Calendar timing."
"SESSION & PAYMENT (NMB)- CHIA","WARRANTY CLAIM","14","7th Service TECHNICIAN","primary","verified_loaded","silver_deployed","retain_raw_pending_unpivot","Unpivot to claim + service sequence + technician; verify Calendar timing."
"SESSION & PAYMENT (NMB)- CHIA","WARRANTY CLAIM","15","","primary","verified_loaded","silver_deployed","retain_unmapped","Blank/error/numeric header; positional identity only until meaning verified."
"SESSION & PAYMENT (NMB)- CHIA","WARRANTY CLAIM","16","","primary","verified_loaded","silver_deployed","retain_unmapped","Blank/error/numeric header; positional identity only until meaning verified."
"SESSION & PAYMENT (NMB)- CHIA","WARRANTY CLAIM","17","","primary","verified_loaded","silver_deployed","retain_unmapped","Blank/error/numeric header; positional identity only until meaning verified."
"SESSION & PAYMENT (NMB)- CHIA","WARRANTY CLAIM","18","","primary","verified_loaded","silver_deployed","retain_unmapped","Blank/error/numeric header; positional identity only until meaning verified."
"SESSION & PAYMENT (NMB)- CHIA","Commercial Clients","1","PIC","supporting_derived","verified_loaded","silver_deployed","retain_raw_then_validate","Confirm meaning and observed type; do not infer missing values. Auto-derived from SALES: reconciliation only, no extra sale count."
"SESSION & PAYMENT (NMB)- CHIA","Commercial Clients","2","Time Stamp","supporting_derived","verified_loaded","silver_deployed","retain_raw_then_validate","Validate format and meaning; no assumed day/month order. Auto-derived from SALES: reconciliation only, no extra sale count."
"SESSION & PAYMENT (NMB)- CHIA","Commercial Clients","3","Closed Date","supporting_derived","verified_loaded","silver_deployed","retain_raw_then_validate","Validate format and meaning; no assumed day/month order. Auto-derived from SALES: reconciliation only, no extra sale count."
"SESSION & PAYMENT (NMB)- CHIA","Commercial Clients","4","First Contact Date","supporting_derived","verified_loaded","silver_deployed","retain_raw_then_validate","Validate format and meaning; no assumed day/month order. Auto-derived from SALES: reconciliation only, no extra sale count."
"SESSION & PAYMENT (NMB)- CHIA","Commercial Clients","5","Closing Time","supporting_derived","verified_loaded","silver_deployed","retain_raw_then_validate","Confirm meaning and observed type; do not infer missing values. Auto-derived from SALES: reconciliation only, no extra sale count."
"SESSION & PAYMENT (NMB)- CHIA","Commercial Clients","6","CUSTOMER ID","supporting_derived","verified_loaded","silver_deployed","retain_raw_then_validate","Sales-record reference, not a persistent person ID; validate one/multiple references. Auto-derived from SALES: reconciliation only, no extra sale count."
"SESSION & PAYMENT (NMB)- CHIA","Commercial Clients","7","Ad","supporting_derived","verified_loaded","silver_deployed","retain_raw_then_validate","Confirm meaning and observed type; do not infer missing values. Auto-derived from SALES: reconciliation only, no extra sale count."
"SESSION & PAYMENT (NMB)- CHIA","Commercial Clients","8","","supporting_derived","verified_loaded","silver_deployed","retain_unmapped","Blank/error/numeric header; positional identity only until meaning verified. Auto-derived from SALES: reconciliation only, no extra sale count."
"SESSION & PAYMENT (NMB)- CHIA","Commercial Clients","9","No Telefon","supporting_derived","verified_loaded","silver_deployed","retain_raw_then_validate","Protected raw/matching data; do not expose unredacted on shared dashboards. Auto-derived from SALES: reconciliation only, no extra sale count."
"SESSION & PAYMENT (NMB)- CHIA","Commercial Clients","10","Alamat","supporting_derived","verified_loaded","silver_deployed","retain_raw_then_validate","Protected raw/matching data; do not expose unredacted on shared dashboards. Auto-derived from SALES: reconciliation only, no extra sale count."
"SESSION & PAYMENT (NMB)- CHIA","Commercial Clients","11","EMEL","supporting_derived","verified_loaded","silver_deployed","retain_raw_then_validate","Protected raw/matching data; do not expose unredacted on shared dashboards. Auto-derived from SALES: reconciliation only, no extra sale count."
"SESSION & PAYMENT (NMB)- CHIA","Commercial Clients","12","PREMISE (RESIDENTIAL / COMMERCIAL)","supporting_derived","verified_loaded","silver_deployed","retain_raw_then_validate","Confirm meaning and observed type; do not infer missing values. Auto-derived from SALES: reconciliation only, no extra sale count."
"SESSION & PAYMENT (NMB)- CHIA","Commercial Clients","13","Total Session","supporting_derived","verified_loaded","silver_deployed","retain_raw_then_validate","Confirm meaning and observed type; do not infer missing values. Auto-derived from SALES: reconciliation only, no extra sale count."
"SESSION & PAYMENT (NMB)- CHIA","Commercial Clients","14","Done Session","supporting_derived","verified_loaded","silver_deployed","retain_raw_then_validate","Confirm meaning and observed type; do not infer missing values. Auto-derived from SALES: reconciliation only, no extra sale count."
"SESSION & PAYMENT (NMB)- CHIA","Commercial Clients","15","Balance Session","supporting_derived","verified_loaded","silver_deployed","retain_raw_then_validate","Confirm meaning and observed type; do not infer missing values. Auto-derived from SALES: reconciliation only, no extra sale count."
"SESSION & PAYMENT (NMB)- CHIA","Commercial Clients","16","First Session Date","supporting_derived","verified_loaded","silver_deployed","retain_raw_calendar_authoritative","Calendar controls accurate operational service dates; scheduled is not completed. Auto-derived from SALES: reconciliation only, no extra sale count."
"SESSION & PAYMENT (NMB)- CHIA","Commercial Clients","17","Second Session Date","supporting_derived","verified_loaded","silver_deployed","retain_raw_calendar_authoritative","Calendar controls accurate operational service dates; scheduled is not completed. Auto-derived from SALES: reconciliation only, no extra sale count."
"SESSION & PAYMENT (NMB)- CHIA","Commercial Clients","18","Third Session Date","supporting_derived","verified_loaded","silver_deployed","retain_raw_calendar_authoritative","Calendar controls accurate operational service dates; scheduled is not completed. Auto-derived from SALES: reconciliation only, no extra sale count."
"SESSION & PAYMENT (NMB)- CHIA","Commercial Clients","19","PREVIOUS SESSION (Subscription)","supporting_derived","verified_loaded","silver_deployed","retain_raw_then_validate","Confirm meaning and observed type; do not infer missing values. Auto-derived from SALES: reconciliation only, no extra sale count."
"SESSION & PAYMENT (NMB)- CHIA","Commercial Clients","20","Next Session Date (Subscription)","supporting_derived","verified_loaded","silver_deployed","retain_raw_calendar_authoritative","Calendar controls accurate operational service dates; scheduled is not completed. Auto-derived from SALES: reconciliation only, no extra sale count."
"SESSION & PAYMENT (NMB)- CHIA","Commercial Clients","21","TRBS (YES / NO)","supporting_derived","verified_loaded","silver_deployed","retain_raw_then_validate","Confirm meaning and observed type; do not infer missing values. Auto-derived from SALES: reconciliation only, no extra sale count."
"SESSION & PAYMENT (NMB)- CHIA","Commercial Clients","22","TRBS COLLECTION DATE","supporting_derived","verified_loaded","silver_deployed","retain_raw_then_validate","Validate format and meaning; no assumed day/month order. Auto-derived from SALES: reconciliation only, no extra sale count."
"SESSION & PAYMENT (NMB)- CHIA","Commercial Clients","23","CLEAR / DEPOSIT","supporting_derived","verified_loaded","silver_deployed","retain_raw_then_validate","Confirm meaning and observed type; do not infer missing values. Auto-derived from SALES: reconciliation only, no extra sale count."
"SESSION & PAYMENT (NMB)- CHIA","Commercial Clients","24","TYPE OF PEST","supporting_derived","verified_loaded","silver_deployed","retain_raw_then_validate","Confirm meaning and observed type; do not infer missing values. Auto-derived from SALES: reconciliation only, no extra sale count."
"SESSION & PAYMENT (NMB)- CHIA","Commercial Clients","25","TYPE OF PACKAGE","supporting_derived","verified_loaded","silver_deployed","retain_raw_then_validate","Confirm meaning and observed type; do not infer missing values. Auto-derived from SALES: reconciliation only, no extra sale count."
"SESSION & PAYMENT (NMB)- CHIA","Commercial Clients","26","Total (RM)","supporting_derived","verified_loaded","silver_deployed","retain_raw_then_validate","Confirm meaning and observed type; do not infer missing values. Auto-derived from SALES: reconciliation only, no extra sale count."
"SESSION & PAYMENT (NMB)- CHIA","Commercial Clients","27","DEPOSIT PAID (RM)","supporting_derived","verified_loaded","silver_deployed","retain_raw_then_validate","Confirm meaning and observed type; do not infer missing values. Auto-derived from SALES: reconciliation only, no extra sale count."
"SESSION & PAYMENT (NMB)- CHIA","Commercial Clients","28","INVOICE ID","supporting_derived","verified_loaded","silver_deployed","retain_raw_then_validate","Confirm meaning and observed type; do not infer missing values. Auto-derived from SALES: reconciliation only, no extra sale count."
"SESSION & PAYMENT (NMB)- CHIA","Commercial Clients","29","BALANCE PAID (RM)","supporting_derived","verified_loaded","silver_deployed","retain_raw_then_validate","Confirm meaning and observed type; do not infer missing values. Auto-derived from SALES: reconciliation only, no extra sale count."
"SESSION & PAYMENT (NMB)- CHIA","Commercial Clients","30","","supporting_derived","verified_loaded","silver_deployed","retain_unmapped","Blank/error/numeric header; positional identity only until meaning verified. Auto-derived from SALES: reconciliation only, no extra sale count."
"SESSION & PAYMENT (NMB)- CHIA","REFUND","1","Date","primary","verified_loaded","silver_deployed","retain_raw_then_validate","Validate format and meaning; no assumed day/month order."
"SESSION & PAYMENT (NMB)- CHIA","REFUND","2","Customer ID","primary","verified_loaded","silver_deployed","retain_raw_then_validate","Sales-record reference, not a persistent person ID; validate one/multiple references."
"SESSION & PAYMENT (NMB)- CHIA","REFUND","3","Customer Name","primary","verified_loaded","silver_deployed","retain_raw_then_validate","Protected raw/matching data; do not expose unredacted on shared dashboards."
"SESSION & PAYMENT (NMB)- CHIA","REFUND","4","Phone No.","primary","verified_loaded","silver_deployed","retain_raw_then_validate","Protected raw/matching data; do not expose unredacted on shared dashboards."
"SESSION & PAYMENT (NMB)- CHIA","REFUND","5","Purchase Date","primary","verified_loaded","silver_deployed","retain_raw_then_validate","Validate format and meaning; no assumed day/month order."
"SESSION & PAYMENT (NMB)- CHIA","REFUND","6","Reason for Refund","primary","verified_loaded","silver_deployed","retain_raw_then_validate","Protected raw/matching data; do not expose unredacted on shared dashboards."
"SESSION & PAYMENT (NMB)- CHIA","REFUND","7","Amount","primary","verified_loaded","silver_deployed","retain_raw_then_validate","Confirm meaning and observed type; do not infer missing values."
"SESSION & PAYMENT (NMB)- CHIA","REFUND","8","Bank Account No.","primary","verified_loaded","silver_deployed","exclude_from_analytics","Bank details are unnecessary for CP2 metrics; do not include in downstream analytical models."
"SESSION & PAYMENT (NMB)- CHIA","REFUND","9","Bank Name","primary","verified_loaded","silver_deployed","exclude_from_analytics","Bank details are unnecessary for CP2 metrics; do not include in downstream analytical models."
"SESSION & PAYMENT (NMB)- CHIA","REFUND","10","Complete / Pending","primary","verified_loaded","silver_deployed","retain_raw_then_validate","Confirm meaning and observed type; do not infer missing values."
"SESSION & PAYMENT (NMB)- CHIA","REFUND","11","","primary","verified_loaded","silver_deployed","retain_unmapped","Blank/error/numeric header; positional identity only until meaning verified."
"SESSION & PAYMENT (NMB)- CHIA","Recurring Payments","1","","supporting_derived","verified_loaded","silver_deployed","retain_unmapped","Blank/error/numeric header; positional identity only until meaning verified. Derived/supporting source: do not double-count SALES or PAYMENTS."
"SESSION & PAYMENT (NMB)- CHIA","Recurring Payments","2","","supporting_derived","verified_loaded","silver_deployed","retain_unmapped","Blank/error/numeric header; positional identity only until meaning verified. Derived/supporting source: do not double-count SALES or PAYMENTS."
"SESSION & PAYMENT (NMB)- CHIA","Recurring Payments","3","Closed Date","supporting_derived","verified_loaded","silver_deployed","retain_raw_then_validate","Validate format and meaning; no assumed day/month order. Derived/supporting source: do not double-count SALES or PAYMENTS."
"SESSION & PAYMENT (NMB)- CHIA","Recurring Payments","4","","supporting_derived","verified_loaded","silver_deployed","retain_unmapped","Blank/error/numeric header; positional identity only until meaning verified. Derived/supporting source: do not double-count SALES or PAYMENTS."
"SESSION & PAYMENT (NMB)- CHIA","Recurring Payments","5","Cust ID","supporting_derived","verified_loaded","silver_deployed","retain_raw_then_validate","Sales-record reference, not a persistent person ID; validate one/multiple references. Derived/supporting source: do not double-count SALES or PAYMENTS."
"SESSION & PAYMENT (NMB)- CHIA","Recurring Payments","6","Ad","supporting_derived","verified_loaded","silver_deployed","retain_raw_then_validate","Confirm meaning and observed type; do not infer missing values. Derived/supporting source: do not double-count SALES or PAYMENTS."
"SESSION & PAYMENT (NMB)- CHIA","Recurring Payments","7","Customer Name","supporting_derived","verified_loaded","silver_deployed","retain_raw_then_validate","Protected raw/matching data; do not expose unredacted on shared dashboards. Derived/supporting source: do not double-count SALES or PAYMENTS."
"SESSION & PAYMENT (NMB)- CHIA","Recurring Payments","8","Phone Number","supporting_derived","verified_loaded","silver_deployed","retain_raw_then_validate","Protected raw/matching data; do not expose unredacted on shared dashboards. Derived/supporting source: do not double-count SALES or PAYMENTS."
"SESSION & PAYMENT (NMB)- CHIA","Recurring Payments","9","Email","supporting_derived","verified_loaded","silver_deployed","retain_raw_then_validate","Protected raw/matching data; do not expose unredacted on shared dashboards. Derived/supporting source: do not double-count SALES or PAYMENTS."
"SESSION & PAYMENT (NMB)- CHIA","Recurring Payments","10","PREMISE (RESIDENTIAL / COMMERCIAL)","supporting_derived","verified_loaded","silver_deployed","retain_raw_then_validate","Confirm meaning and observed type; do not infer missing values. Derived/supporting source: do not double-count SALES or PAYMENTS."
"SESSION & PAYMENT (NMB)- CHIA","Recurring Payments","11","Total Sessions","supporting_derived","verified_loaded","silver_deployed","retain_raw_then_validate","Confirm meaning and observed type; do not infer missing values. Derived/supporting source: do not double-count SALES or PAYMENTS."
"SESSION & PAYMENT (NMB)- CHIA","Recurring Payments","12","Balance Sessions","supporting_derived","verified_loaded","silver_deployed","retain_raw_then_validate","Confirm meaning and observed type; do not infer missing values. Derived/supporting source: do not double-count SALES or PAYMENTS."
"SESSION & PAYMENT (NMB)- CHIA","Recurring Payments","13","1ST Session Date","supporting_derived","verified_loaded","silver_deployed","retain_raw_calendar_authoritative","Calendar controls accurate operational service dates; scheduled is not completed. Derived/supporting source: do not double-count SALES or PAYMENTS."
"SESSION & PAYMENT (NMB)- CHIA","Recurring Payments","14","CLEAR/ DEPOSIT","supporting_derived","verified_loaded","silver_deployed","retain_raw_then_validate","Confirm meaning and observed type; do not infer missing values. Derived/supporting source: do not double-count SALES or PAYMENTS."
"SESSION & PAYMENT (NMB)- CHIA","Recurring Payments","15","Type of Pest","supporting_derived","verified_loaded","silver_deployed","retain_raw_then_validate","Confirm meaning and observed type; do not infer missing values. Derived/supporting source: do not double-count SALES or PAYMENTS."
"SESSION & PAYMENT (NMB)- CHIA","Recurring Payments","16","Package","supporting_derived","verified_loaded","silver_deployed","retain_raw_then_validate","Confirm meaning and observed type; do not infer missing values. Derived/supporting source: do not double-count SALES or PAYMENTS."
"SESSION & PAYMENT (NMB)- CHIA","Recurring Payments","17","Contract Type","supporting_derived","verified_loaded","silver_deployed","retain_raw_then_validate","Confirm meaning and observed type; do not infer missing values. Derived/supporting source: do not double-count SALES or PAYMENTS."
"SESSION & PAYMENT (NMB)- CHIA","Recurring Payments","18","Total (MYR)","supporting_derived","verified_loaded","silver_deployed","retain_raw_then_validate","Confirm meaning and observed type; do not infer missing values. Derived/supporting source: do not double-count SALES or PAYMENTS."
"SESSION & PAYMENT (NMB)- CHIA","Recurring Payments","19","Deposit Paid ( MYR )","supporting_derived","verified_loaded","silver_deployed","retain_raw_then_validate","Confirm meaning and observed type; do not infer missing values. Derived/supporting source: do not double-count SALES or PAYMENTS."
"SESSION & PAYMENT (NMB)- CHIA","Recurring Payments","20","Payment Type","supporting_derived","verified_loaded","silver_deployed","retain_raw_then_validate","Confirm meaning and observed type; do not infer missing values. Derived/supporting source: do not double-count SALES or PAYMENTS."
"SESSION & PAYMENT (NMB)- CHIA","Recurring Payments","21","Balance Paid ( MYR )","supporting_derived","verified_loaded","silver_deployed","retain_raw_then_validate","Confirm meaning and observed type; do not infer missing values. Derived/supporting source: do not double-count SALES or PAYMENTS."
"SESSION & PAYMENT (NMB)- CHIA","Recurring Payments","22","Balance Payment","supporting_derived","verified_loaded","silver_deployed","retain_raw_then_validate","Confirm meaning and observed type; do not infer missing values. Derived/supporting source: do not double-count SALES or PAYMENTS."
"SESSION & PAYMENT (NMB)- CHIA","Recurring Payments","23","2nd Payment","supporting_derived","verified_loaded","silver_deployed","retain_raw_pending_unpivot","Determine whether value is amount/date/status before unpivoting scheduled payments. Derived/supporting source: do not double-count SALES or PAYMENTS."
"SESSION & PAYMENT (NMB)- CHIA","Recurring Payments","24","3rd Payment","supporting_derived","verified_loaded","silver_deployed","retain_raw_pending_unpivot","Determine whether value is amount/date/status before unpivoting scheduled payments. Derived/supporting source: do not double-count SALES or PAYMENTS."
"SESSION & PAYMENT (NMB)- CHIA","Recurring Payments","25","4th Payment","supporting_derived","verified_loaded","silver_deployed","retain_raw_pending_unpivot","Determine whether value is amount/date/status before unpivoting scheduled payments. Derived/supporting source: do not double-count SALES or PAYMENTS."
"SESSION & PAYMENT (NMB)- CHIA","Recurring Payments","26","5th Payment","supporting_derived","verified_loaded","silver_deployed","retain_raw_pending_unpivot","Determine whether value is amount/date/status before unpivoting scheduled payments. Derived/supporting source: do not double-count SALES or PAYMENTS."
"SESSION & PAYMENT (NMB)- CHIA","Recurring Payments","27","6th Payment","supporting_derived","verified_loaded","silver_deployed","retain_raw_pending_unpivot","Determine whether value is amount/date/status before unpivoting scheduled payments. Derived/supporting source: do not double-count SALES or PAYMENTS."
"SESSION & PAYMENT (NMB)- CHIA","Recurring Payments","28","7th Payment","supporting_derived","verified_loaded","silver_deployed","retain_raw_pending_unpivot","Determine whether value is amount/date/status before unpivoting scheduled payments. Derived/supporting source: do not double-count SALES or PAYMENTS."
"SESSION & PAYMENT (NMB)- CHIA","Recurring Payments","29","8th Payment","supporting_derived","verified_loaded","silver_deployed","retain_raw_pending_unpivot","Determine whether value is amount/date/status before unpivoting scheduled payments. Derived/supporting source: do not double-count SALES or PAYMENTS."
"SESSION & PAYMENT (NMB)- CHIA","Recurring Payments","30","9th Payment","supporting_derived","verified_loaded","silver_deployed","retain_raw_pending_unpivot","Determine whether value is amount/date/status before unpivoting scheduled payments. Derived/supporting source: do not double-count SALES or PAYMENTS."
"SESSION & PAYMENT (NMB)- CHIA","Recurring Payments","31","10th Payment","supporting_derived","verified_loaded","silver_deployed","retain_raw_pending_unpivot","Determine whether value is amount/date/status before unpivoting scheduled payments. Derived/supporting source: do not double-count SALES or PAYMENTS."
"SESSION & PAYMENT (NMB)- CHIA","Recurring Payments","32","11th Payment","supporting_derived","verified_loaded","silver_deployed","retain_raw_pending_unpivot","Determine whether value is amount/date/status before unpivoting scheduled payments. Derived/supporting source: do not double-count SALES or PAYMENTS."
"SESSION & PAYMENT (NMB)- CHIA","Recurring Payments","33","12th Payment","supporting_derived","verified_loaded","silver_deployed","retain_raw_pending_unpivot","Determine whether value is amount/date/status before unpivoting scheduled payments. Derived/supporting source: do not double-count SALES or PAYMENTS."
