workbook_name,tab_name,hidden,sheet_type,allocated_rows,allocated_columns,frozen_rows,provisional_domain,scope_status,notes
Prospects List - Nomobug,B2B FOLLOW UP,False,GRID,1000,39,1,b2b_inspection_follow_up,in_scope_primary,"Tracks B2B opportunities and whether the business booked an inspection or site-visit appointment"
Prospects List - Nomobug,FUTURE FOLLOW UP,False,GRID,948,27,0,lead_follow_up,out_of_scope_first_pipeline,"Not identified as a currently used source for the first pipeline"
Prospects List - Nomobug,2026,False,GRID,32581,32,1,prospect_interactions,in_scope_primary,"All 2026 prospects; repeated phone numbers may be legitimate new ad conversations and exact duplicates require separate treatment"
Prospects List - Nomobug,Year End Promo 2025,False,GRID,18064,26,0,campaign_leads,out_of_scope_first_pipeline,"Historical promotion tab; excluded from the initial pipeline"
Prospects List - Nomobug,B2B,False,GRID,1064,36,1,b2b_leads,out_of_scope_first_pipeline,"B2B FOLLOW UP is the selected operational B2B source for the initial pipeline"
Prospects List - Nomobug,RM399 PROMO,False,GRID,1931,28,1,campaign_leads,out_of_scope_first_pipeline,"Campaign-specific tab; excluded from the initial pipeline"
Prospects List - Nomobug,Experiment,False,GRID,1001,30,4,unknown_or_test,excluded,"Test or experiment tab; do not load"
Prospects List - Nomobug,Experiment 13.01.26,False,GRID,1000,32,0,unknown_or_test,excluded,"Test or experiment tab; do not load"
SESSION & PAYMENT (NMB)- CHIA,SALES,False,GRID,18068,42,4,sales_agreements,in_scope_primary,"Closed sale details package price deposit balance and invoice data; service-date columns are not maintained and Calendar is authoritative"
SESSION & PAYMENT (NMB)- CHIA,PAYMENTS,False,GRID,5000,28,1,payment_transactions,in_scope_primary,"One entry whenever customer money is received; linked using Customer ID"
SESSION & PAYMENT (NMB)- CHIA,PAYMENT LINK,False,GRID,3000,28,1,payment_link_funnel,in_scope_primary,"Interested prospects sent payment or invoice information; WON means paid or successfully closed and PENDING remains open"
SESSION & PAYMENT (NMB)- CHIA,WARRANTY CLAIM,False,GRID,999,26,1,warranty_claims,in_scope_primary,"Claims commonly follow cockroach recurrence after three services; Calendar supplies accurate visit dates and the sheet supplies technician fields"
SESSION & PAYMENT (NMB)- CHIA,Commercial Clients,False,GRID,1000,39,1,commercial_sales,supporting_auto_derived,"Auto-filled from customer type in SALES; do not count as a separate sale source"
SESSION & PAYMENT (NMB)- CHIA,REFUND,False,GRID,1000,30,1,refund_cases,in_scope_primary,"Customers refunded when the pest could not be eradicated after complimentary services; bank details must be excluded"
SESSION & PAYMENT (NMB)- CHIA,LTV,False,GRID,5418,182,0,customer_value,excluded_not_used,"Business owner confirmed this tab is not used"
SESSION & PAYMENT (NMB)- CHIA,Recurring Payments,False,GRID,1000,38,1,b2b_recurring_billing,in_scope_supporting_derived,"B2B monthly quarterly or yearly arrangements derived from SALES using the billing cadence field; verify how yearly is represented"
