source_tab,source_column,sheet_column,source_header,readable_raw_name,raw_type,proposed_analytical_type,treatment,definition_and_limit
"B2B FOLLOW UP","source_column_001","A","Engage Date","engage_date_raw","STRING","DATE_OR_TIMESTAMP_PENDING","retain_raw_pending_validation","Recorded Engage Date; business meaning or normalization still pending. Validate source format and date meaning before conversion."
"B2B FOLLOW UP","source_column_002","B","Follow Up Call","follow_up_call_raw","STRING","STRING","retain_raw_pending_validation","Recorded Follow Up Call; business meaning or normalization still pending. Do not infer completion or earned revenue from a populated schedule field."
"B2B FOLLOW UP","source_column_003","C","Phone No.","phone_raw","STRING","STRING","retain_raw_pending_validation","Contact string; preserve leading zeros; not a unique customer key."
"B2B FOLLOW UP","source_column_004","D","Ad /B2B Cold","acquisition_raw","STRING","STRING","retain_raw_pending_validation","Recorded Ad /B2B Cold; business meaning or normalization still pending."
"B2B FOLLOW UP","source_column_005","E","Business Name","business_name_raw","STRING","STRING","retain_raw_pending_validation","Recorded Business Name; business meaning or normalization still pending."
"B2B FOLLOW UP","source_column_006","F","Business Type","business_type_raw","STRING","STRING","retain_raw_pending_validation","Recorded Business Type; business meaning or normalization still pending."
"B2B FOLLOW UP","source_column_007","G","Status","status_raw","STRING","STRING","retain_raw_pending_validation","Recorded Status; business meaning or normalization still pending."
"B2B FOLLOW UP","source_column_008","H","Who did Site Visit","site_visit_staff_raw","STRING","STRING","retain_raw_pending_validation","Staff associated with visit; assignment versus attendance unresolved."
"B2B FOLLOW UP","source_column_009","I","Price @ Site Visit","site_visit_price_raw","STRING","NUMERIC_PENDING","retain_raw_pending_validation","Price-related field; observed value types require review."
"B2B FOLLOW UP","source_column_010","J","F/U Call","followup_call_raw","STRING","STRING","retain_raw_pending_validation","Recorded F/U Call; business meaning or normalization still pending. Do not infer completion or earned revenue from a populated schedule field."
"B2B FOLLOW UP","source_column_011","K","Feedback from call","call_feedback_raw","STRING","STRING","retain_raw_pending_validation","Recorded Feedback from call; business meaning or normalization still pending."
"B2B FOLLOW UP","source_column_012","L","Decision Maker Present During Site visit","decision_maker_present_raw","STRING","STRING","retain_raw_pending_validation","Recorded decision-maker presence; accepted labels pending."
"B2B FOLLOW UP","source_column_013","M","Remark","remark_raw","STRING","STRING","retain_raw_pending_validation","Recorded Remark; business meaning or normalization still pending."
"B2B FOLLOW UP","source_column_014","N","Closing Date","closing_date_raw","STRING","DATE_OR_TIMESTAMP_PENDING","retain_raw_pending_validation","Recorded Closing Date; business meaning or normalization still pending. Validate source format and date meaning before conversion."
"B2B FOLLOW UP","source_column_015","O","Appointment Date","appointment_date_raw","STRING","DATE_OR_TIMESTAMP_PENDING","retain_raw_pending_validation","Recorded Appointment Date; business meaning or normalization still pending. Validate source format and date meaning before conversion."
"B2B FOLLOW UP","source_column_016","P","Quotation Sent","quotation_sent_raw","STRING","STRING","retain_raw_pending_validation","Filled field does not establish quotation delivery; formula/meaning pending."
"B2B FOLLOW UP","source_column_017","Q","F/U1 (WA)","whatsapp_followup_1_raw","STRING","STRING","retain_raw_pending_validation","Recorded F/U1 (WA); business meaning or normalization still pending. Do not infer completion or earned revenue from a populated schedule field."
"B2B FOLLOW UP","source_column_018","R","F/U2 (WA)","whatsapp_followup_2_raw","STRING","STRING","retain_raw_pending_validation","Recorded F/U2 (WA); business meaning or normalization still pending. Do not infer completion or earned revenue from a populated schedule field."
"B2B FOLLOW UP","source_column_019","S","F/U3 (WA)","whatsapp_followup_3_raw","STRING","STRING","retain_raw_pending_validation","Recorded F/U3 (WA); business meaning or normalization still pending. Do not infer completion or earned revenue from a populated schedule field."
"B2B FOLLOW UP","source_column_020","T","F/U4 (WA)","whatsapp_followup_4_raw","STRING","STRING","retain_raw_pending_validation","Recorded F/U4 (WA); business meaning or normalization still pending. Do not infer completion or earned revenue from a populated schedule field."
"B2B FOLLOW UP","source_column_021","U","Lead to Appointment","lead_to_appointment_raw","STRING","STRING","retain_raw_pending_validation","Apparent duration; formula and units pending, not yet a KPI."
"B2B FOLLOW UP","source_column_022","V","Appointment to Close","appointment_to_close_raw","STRING","STRING","retain_raw_pending_validation","Apparent duration; formula and units pending, not yet a KPI."
"B2B FOLLOW UP","source_column_023","W","","unmapped_w_raw","STRING","UNDETERMINED","retain_raw_semantics_unknown","Header is blank, numeric or an error label. Preserve by position; no analytical meaning assigned."
"B2B FOLLOW UP","source_column_024","X","","unmapped_x_raw","STRING","UNDETERMINED","retain_raw_semantics_unknown","Header is blank, numeric or an error label. Preserve by position; no analytical meaning assigned."
"B2B FOLLOW UP","source_column_025","Y","","unmapped_y_raw","STRING","UNDETERMINED","retain_raw_semantics_unknown","Header is blank, numeric or an error label. Preserve by position; no analytical meaning assigned."
"SALES","source_column_001","A","11","unmapped_a_raw","STRING","UNDETERMINED","retain_raw_semantics_unknown","Header is blank, numeric or an error label. Preserve by position; no analytical meaning assigned."
"SALES","source_column_002","B","PIC","pic_raw","STRING","STRING","retain_raw_pending_validation","Recorded PIC; business meaning or normalization still pending."
"SALES","source_column_003","C","Time Stamp","entry_timestamp_raw","STRING","DATE_OR_TIMESTAMP_PENDING","retain_raw_pending_validation","Recorded Time Stamp; business meaning or normalization still pending. Validate source format and date meaning before conversion."
"SALES","source_column_004","D","Closed Date","closed_date_raw","STRING","DATE_OR_TIMESTAMP_PENDING","retain_raw_pending_validation","Recorded Closed Date; business meaning or normalization still pending. Validate source format and date meaning before conversion."
"SALES","source_column_005","E","First Contact Date","first_contact_date_raw","STRING","DATE_OR_TIMESTAMP_PENDING","retain_raw_pending_validation","Recorded First Contact Date; business meaning or normalization still pending. Validate source format and date meaning before conversion."
"SALES","source_column_006","F","#VALUE!","unmapped_f_raw","STRING","UNDETERMINED","retain_raw_semantics_unknown","Header is blank, numeric or an error label. Preserve by position; no analytical meaning assigned. Owner confirmed unpaid-balance concept but F versus AG is not yet verified."
"SALES","source_column_007","G","CUSTOMER ID","customer_id_raw","STRING","STRING","raw_plus_parsed_sales_reference","New identifier per sale/package row, NOT per person."
"SALES","source_column_008","H","Ad","acquisition_relationship_raw","STRING","STRING","retain_raw_pending_validation","Mixes acquisition source and returning-client labels. Missing OLD/RETURNING does not prove a new customer."
"SALES","source_column_009","I","Customer Name","customer_name_raw","STRING","STRING","retain_raw_pending_validation","Recorded Customer Name; business meaning or normalization still pending."
"SALES","source_column_010","J","No Telefon","phone_raw","STRING","STRING","retain_raw_pending_validation","Contact string; preserve leading zeros; not a unique customer key."
"SALES","source_column_011","K","Alamat","address_raw","STRING","STRING","retain_raw_pending_validation","Recorded Alamat; business meaning or normalization still pending."
"SALES","source_column_012","L","EMEL","email_raw","STRING","STRING","retain_raw_pending_validation","Recorded EMEL; business meaning or normalization still pending."
"SALES","source_column_013","M","PREMISE (RESIDENTIAL / COMMERCIAL)","premise_type_raw","STRING","STRING","retain_raw_pending_validation","Recorded PREMISE (RESIDENTIAL / COMMERCIAL); business meaning or normalization still pending."
"SALES","source_column_014","N","Total Session","total_sessions_raw","STRING","INTEGER_PENDING","retain_raw_pending_validation","Recorded Total Session; business meaning or normalization still pending. Do not infer completed visits from this count."
"SALES","source_column_015","O","Done Session","done_sessions_raw","STRING","INTEGER_PENDING","retain_raw_pending_validation","Recorded Done Session; business meaning or normalization still pending. Do not infer completed visits from this count."
"SALES","source_column_016","P","Balance Session","balance_sessions_raw","STRING","INTEGER_PENDING","retain_raw_pending_validation","Recorded Balance Session; business meaning or normalization still pending. Do not infer completed visits from this count."
"SALES","source_column_017","Q","First Session Date","first_session_date_raw","STRING","DATE_OR_TIMESTAMP_PENDING","retain_raw_calendar_authoritative","Stale/non-authoritative service date; retain for audit only. Calendar controls service timing."
"SALES","source_column_018","R","Second Session Date","second_session_date_raw","STRING","DATE_OR_TIMESTAMP_PENDING","retain_raw_calendar_authoritative","Stale/non-authoritative service date; retain for audit only. Calendar controls service timing."
"SALES","source_column_019","S","Third Session Date","third_session_date_raw","STRING","DATE_OR_TIMESTAMP_PENDING","retain_raw_calendar_authoritative","Stale/non-authoritative service date; retain for audit only. Calendar controls service timing."
"SALES","source_column_020","T","PREVIOUS SESSION (Subscription)","previous_subscription_session_raw","STRING","DATE_OR_TIMESTAMP_PENDING","retain_raw_calendar_authoritative","Stale/non-authoritative service date; retain for audit only. Calendar controls service timing."
"SALES","source_column_021","U","Next Session Date (Subscription)","next_subscription_session_raw","STRING","DATE_OR_TIMESTAMP_PENDING","retain_raw_calendar_authoritative","Stale/non-authoritative service date; retain for audit only. Calendar controls service timing."
"SALES","source_column_022","V","TRBS (YES / NO)","trbs_raw","STRING","STRING","retain_raw_pending_validation","TRBS meaning unresolved."
"SALES","source_column_023","W","TRBS COLLECTION DATE","trbs_collection_date_raw","STRING","DATE_OR_TIMESTAMP_PENDING","retain_raw_pending_validation","TRBS collection meaning and date format unresolved. Validate source format and date meaning before conversion."
"SALES","source_column_024","X","CLEAR / DEPOSIT","billing_arrangement_raw","STRING","STRING","retain_raw_pending_validation","Mixed payment state and cadence labels; separate concepts after vocabulary review."
"SALES","source_column_025","Y","TYPE OF PEST","pest_type_raw","STRING","STRING","retain_raw_pending_validation","Recorded TYPE OF PEST; business meaning or normalization still pending."
"SALES","source_column_026","Z","TYPE OF PACKAGE","package_type_raw","STRING","STRING","retain_raw_pending_validation","Recorded TYPE OF PACKAGE; business meaning or normalization still pending."
"SALES","source_column_027","AA","CONTRACT TYPE","contract_type_raw","STRING","STRING","retain_raw_pending_validation","Recorded CONTRACT TYPE; business meaning or normalization still pending."
"SALES","source_column_028","AB","Total (RM)","sale_total_raw","STRING","NUMERIC","raw_plus_validated_syntax_parse","Owner-confirmed package/sale value; parsed separately as sale_total_rm."
"SALES","source_column_029","AC","DEPOSIT PAID (RM)","deposit_paid_raw","STRING","NUMERIC_PENDING","retain_raw_pending_validation","Sales deposit summary; reconcile to PAYMENTS, never add as another receipt."
"SALES","source_column_030","AD","INVOICE ID","deposit_invoice_raw","STRING","STRING","retain_raw_pending_validation","First INVOICE ID column; positional deposit association remains provisional."
"SALES","source_column_031","AE","BALANCE PAID (RM)","balance_paid_raw","STRING","NUMERIC_PENDING","retain_raw_pending_validation","Sales balance-paid summary; NOT unpaid balance; reconcile to PAYMENTS."
"SALES","source_column_032","AF","INVOICE ID","balance_invoice_raw","STRING","STRING","retain_raw_pending_validation","Second INVOICE ID column; positional balance association remains provisional."
"SALES","source_column_033","AG","#VALUE!","unmapped_ag_raw","STRING","UNDETERMINED","retain_raw_semantics_unknown","Header is blank, numeric or an error label. Preserve by position; no analytical meaning assigned. Owner confirmed unpaid-balance concept but F versus AG is not yet verified."
"SALES","source_column_034","AH","GPC UPSELL A (5 DAYS)","upsell_a_raw","STRING","STRING","retain_raw_pending_validation","Recorded GPC UPSELL A (5 DAYS); business meaning or normalization still pending. Do not infer completion or earned revenue from a populated schedule field."
"SALES","source_column_035","AI","GPC UPSELL B (6 DAYS)","upsell_b_raw","STRING","STRING","retain_raw_pending_validation","Recorded GPC UPSELL B (6 DAYS); business meaning or normalization still pending. Do not infer completion or earned revenue from a populated schedule field."
"SALES","source_column_036","AJ","GPC UPSELL C (7 DAYS)","upsell_c_raw","STRING","STRING","retain_raw_pending_validation","Recorded GPC UPSELL C (7 DAYS); business meaning or normalization still pending. Do not infer completion or earned revenue from a populated schedule field."
"SALES","source_column_037","AK","GPC UPSELL D (1 DAY AFTER 3RD SERVICE)","upsell_d_raw","STRING","STRING","retain_raw_pending_validation","Recorded GPC UPSELL D (1 DAY AFTER 3RD SERVICE); business meaning or normalization still pending. Do not infer completion or earned revenue from a populated schedule field."
"SALES","source_column_038","AL","GPC UPSELL E (31 DAY AFTER 3RD SERVICE)","upsell_e_raw","STRING","STRING","retain_raw_pending_validation","Recorded GPC UPSELL E (31 DAY AFTER 3RD SERVICE); business meaning or normalization still pending. Do not infer completion or earned revenue from a populated schedule field."
"SALES","source_column_039","AM","GPC UPSELL F (36 DAY AFTER 3RD SERVICE)","upsell_f_raw","STRING","STRING","retain_raw_pending_validation","Recorded GPC UPSELL F (36 DAY AFTER 3RD SERVICE); business meaning or normalization still pending. Do not infer completion or earned revenue from a populated schedule field."
"SALES","source_column_040","AN","Fill in remark","remark_prompt_raw","STRING","STRING","retain_raw_pending_validation","Distinct from REMARK; schedule/prompt semantics unresolved."
"SALES","source_column_041","AO","REMARK","remark_raw","STRING","STRING","retain_raw_pending_validation","Recorded REMARK; business meaning or normalization still pending."
"SALES","source_column_042","AP","TECHNICIAN UPSELL","technician_upsell_raw","STRING","STRING","retain_raw_pending_validation","Name/status/amount semantics unresolved."
"SALES","source_column_043","AQ","Review","review_raw","STRING","STRING","retain_raw_pending_validation","Feedback/status/date semantics unresolved."
"PAYMENTS","source_column_001","A","Date","payment_date_raw","STRING","DATE_OR_TIMESTAMP_PENDING","retain_raw_pending_validation","Recorded Date; business meaning or normalization still pending. Validate source format and date meaning before conversion."
"PAYMENTS","source_column_002","B","Customer ID","sales_references_raw","STRING","STRING","raw_plus_parsed_sales_reference","One or several sales-record IDs; multiple payments per sale allowed. No guessed allocation."
"PAYMENTS","source_column_003","C","Amount (RM)","payment_amount_raw","STRING","NUMERIC","raw_plus_validated_syntax_parse","Receipt amount; parsed separately as amount_rm. Invalid text stays null, not zero."
"PAYMENTS","source_column_004","D","Recipient Reference","recipient_reference_raw","STRING","STRING","retain_raw_pending_validation","Reference text; not assumed unique or a stable bank transaction ID."
"PAYMENTS","source_column_005","E","Customer Name","customer_name_raw","STRING","STRING","retain_raw_pending_validation","Recorded Customer Name; business meaning or normalization still pending."
"PAYMENTS","source_column_006","F","Payment Method","payment_method_raw","STRING","STRING","retain_raw_pending_validation","Recorded Payment Method; business meaning or normalization still pending."
"PAYMENTS","source_column_007","G","Complete / Pending","completion_status_raw","STRING","STRING","retain_raw_pending_validation","Complete/Pending meaning and blank treatment unresolved; do not infer receipt validity."
"PAYMENTS","source_column_008","H","Remarks","remarks_raw","STRING","STRING","retain_raw_pending_validation","Recorded Remarks; business meaning or normalization still pending."
"PAYMENTS","source_column_009","I","EXTRA","extra_raw","STRING","STRING","retain_raw_pending_validation","EXTRA meaning unresolved; preserve."
"PAYMENTS","source_column_010","J","","unmapped_j_raw","STRING","UNDETERMINED","retain_raw_semantics_unknown","Header is blank, numeric or an error label. Preserve by position; no analytical meaning assigned."
"PAYMENTS","source_column_011","K","","unmapped_k_raw","STRING","UNDETERMINED","retain_raw_semantics_unknown","Header is blank, numeric or an error label. Preserve by position; no analytical meaning assigned."
"PAYMENTS","source_column_012","L","","unmapped_l_raw","STRING","UNDETERMINED","retain_raw_semantics_unknown","Header is blank, numeric or an error label. Preserve by position; no analytical meaning assigned."
