priority,source_object,business_purpose,grain,authority,main_join_fields,initial_pipeline_action,key_rule_or_warning
1,Prospects 2026,Record every prospect conversation including repeat ad contacts,One prospect interaction row,Authoritative for 2026 prospect activity,Normalized phone plus controlled contextual matching,Include,"Do not deduplicate by phone; remove only proven copied rows and retain repeat interactions"
2,B2B FOLLOW UP,Track B2B progress toward inspection or site-visit booking,One B2B opportunity or follow-up row,Authoritative for B2B follow-up status,Normalized phone and business name,Include,"Define the booked-inspection outcome from Appointment Date Lead to Appointment and Status"
3,SALES,Record closed sale customer package price deposit balance and invoice details,One closed sale or agreement,Authoritative for sale and customer-commercial classification,CUSTOMER ID,Include,"Do not use its service-date columns as operational truth"
4,Google Calendar,Record actual inspection service warranty and replacement appointments,One Calendar event or recurring occurrence,Authoritative for operational appointment and service timestamps,Customer ID when parsed then normalized phone name address and contextual date,Include,"Create match confidence; preserve unmatched events and do not force uncertain joins"
5,PAYMENTS,Record each receipt of customer money,One payment transaction,Authoritative for payment transactions,CUSTOMER ID,Include,"Use completed status for realised cash after status rules are confirmed"
6,PAYMENT LINK,Track interested prospects sent payment or invoice information and their result,One payment-link opportunity,Authoritative for payment-link funnel,Normalized phone plus date,Include,"WON is successful; PENDING is open; Customer ID is absent"
7,WARRANTY CLAIM,Record post-service warranty claims and technician history,One warranty claim with repeated technician columns,Authoritative for claim attributes but not operational service dates,CUSTOMER ID plus matched Calendar context,Include,"Calendar supplies accurate dates; unpivot first-to-seventh technician columns"
8,REFUND,Record refund cases after unsuccessful eradication and complimentary services,One refund case,Authoritative for refund case details,CUSTOMER ID plus date,Include,"Never load bank account number into analytical layers"
9,Recurring Payments,Track B2B monthly quarterly or yearly payment arrangements,One recurring customer agreement with repeated schedule columns,Supporting source derived from SALES,CUSTOMER ID,Include after core pipeline,"Do not count as another sale; confirm yearly encoding and scheduled-payment value meanings"
10,Commercial Clients,Provide an auto-filled view of commercial SALES rows,One commercial sale copied from SALES,Non-authoritative derived view,CUSTOMER ID,Validate only,"Do not union with SALES or count independently"
11,LTV,Unused wide worksheet,Undefined,Not authoritative,None,Exclude,"Do not extract or model"
12,Other prospect tabs,Campaign historical future and experiment records,Varies,Not selected for current scope,Not applicable,Exclude from first pipeline,"Reassess only if the business later needs historical campaign analysis"
