source_id,source_system,resource_name,object_name,status,expected_grain,candidate_key,primary_time_field,contains_personal_data,extraction_method,evidence,confirmation_needed
gs_prospects_2026,Google Sheets,Prospects List - Nomobug,2026,in_scope_business_use_confirmed,One recorded prospect interaction or conversation row,Source row number; phone is a linkage field but is not unique,Engage or follow-up date fields where populated,Yes,Sheets API or controlled export,"Business explanation and full profile on 2026-08-02; 32580 rows including 17959 exact duplicate rows","Define real-row filter; distinguish exact copied rows from legitimate repeat conversations; confirm usable interaction-date field"
gs_b2b_follow_up,Google Sheets,Prospects List - Nomobug,B2B FOLLOW UP,in_scope_business_use_confirmed,One B2B opportunity or follow-up record,Source row number plus normalized phone or business name,Engage Date,Yes,Sheets API or controlled export,"Business explanation and full profile on 2026-08-02; tracks whether a business proceeds to an inspection or site-visit appointment","Confirm Status values; define booked-inspection outcome; determine whether repeated rows are updates or separate contacts"
gs_sales,Google Sheets,SESSION & PAYMENT (NMB)- CHIA,SALES,in_scope_business_use_confirmed,One closed sale or customer service agreement,CUSTOMER ID,Closed Date,Yes,Sheets API or controlled export,"Business explanation and confirmed headers on 2026-08-02; stores closing details package price deposit balance and invoice information","Test CUSTOMER ID uniqueness; define sale status; ignore service-date columns for operational dates and match services to Calendar"
gs_payments,Google Sheets,SESSION & PAYMENT (NMB)- CHIA,PAYMENTS,in_scope_business_use_confirmed,One recorded customer payment transaction,Customer ID plus Date plus Amount (RM),Date,Yes,Sheets API or controlled export,"Business explanation and confirmed headers on 2026-08-02; populated whenever money is received and linked by Customer ID","Test composite-key uniqueness; define pending versus completed handling; identify reversals or corrections"
gs_payment_links,Google Sheets,SESSION & PAYMENT (NMB)- CHIA,PAYMENT LINK,in_scope_business_use_confirmed,One interested prospect sent payment or invoice information,Phone Number plus Date,Date,Yes,Sheets API or controlled export,"Business explanation and confirmed headers on 2026-08-02; WON indicates paid or successfully closed and PENDING remains open","Confirm exact WON/PENDING values; measure phone match to 2026 prospects SALES and PAYMENTS"
gs_warranty,Google Sheets,SESSION & PAYMENT (NMB)- CHIA,WARRANTY CLAIM,in_scope_business_use_confirmed,One warranty claim after the service package,Customer ID plus Date,Date,Yes,Sheets API or controlled export,"Business explanation and confirmed headers on 2026-08-02; commonly records cockroach recurrence after three services and includes technician columns","Use Calendar for accurate service and warranty-visit dates; confirm claim-date meaning and non-cockroach cases; unpivot technician fields"
gs_refunds,Google Sheets,SESSION & PAYMENT (NMB)- CHIA,REFUND,in_scope_business_use_confirmed,One refund case,Customer ID plus Date,Date,Yes,Sheets API or controlled export,"Business explanation and confirmed headers on 2026-08-02; records cases where the pest was not eradicated after complimentary services","Confirm whether Date is request or completion date; exclude bank details; define completed-status reporting rule"
gs_recurring_payments,Google Sheets,SESSION & PAYMENT (NMB)- CHIA,Recurring Payments,in_scope_supporting_derived,One B2B customer agreement with scheduled recurring instalment fields,CUSTOMER ID,Closed Date,Yes,Sheets API or controlled export,"Business explanation and confirmed headers on 2026-08-02; derived from SALES for monthly quarterly or yearly-paying B2B customers using the billing cadence field","Confirm how yearly is represented; verify auto-fill completeness; do not double-count rows as separate sales"
gs_commercial_clients,Google Sheets,SESSION & PAYMENT (NMB)- CHIA,Commercial Clients,supporting_auto_derived,One commercial customer sale copied from SALES,CUSTOMER ID,Closed Date,Yes,Sheets API or controlled export,"Business explanation and confirmed headers on 2026-08-02; auto-filled from the customer type recorded in SALES","Use SALES as authority; test auto-fill agreement and use this tab only as a validation or convenience source"
gs_upsell,Google Sheets,SESSION & PAYMENT (NMB)- CHIA,SALES embedded upsell columns,in_scope_definition_unconfirmed,Embedded upsell fields on one sales row,CUSTOMER ID,Closed Date,Yes,Sheets API or controlled export,Confirmed SALES headers on 2026-08-02,"Define GPC UPSELL A-F and TECHNICIAN UPSELL values; determine whether offer acceptance and purchase outcomes are distinguishable"
gs_ltv,Google Sheets,SESSION & PAYMENT (NMB)- CHIA,LTV,excluded_not_used,Not applicable,Not applicable,Not applicable,Yes,None,Business owner confirmed on 2026-08-02 that this tab is not used,Keep excluded from extraction transformation and reporting
gcal_team_ace,Google Calendar,Live accessible calendar,TEAM ACE,in_scope_operational_date_authority,One calendar event,event_id,start,Yes,Calendar API,Full historical extraction and business explanation on 2026-08-02,"Define event parsing and customer matching; confirm cancellations and all-day events"
gcal_team_beast,Google Calendar,Live accessible calendar,TEAM BEAST,in_scope_operational_date_authority,One calendar event,event_id,start,Yes,Calendar API,Full historical extraction and business explanation on 2026-08-02,"Define event parsing and customer matching; confirm cancellations and all-day events"
gcal_sales_team,Google Calendar,Live accessible calendar,SALES TEAM,in_scope_operational_date_authority,One calendar event,event_id,start,Yes,Calendar API,Full historical extraction and business explanation on 2026-08-02,"Determine whether events are inspections sales appointments or services; define customer matching"
gcal_team_dash,Google Calendar,Live accessible calendar,TEAM DASH,in_scope_operational_date_authority,One calendar event,event_id,start,Yes,Calendar API,Full historical extraction and business explanation on 2026-08-02,"Define event parsing and customer matching; confirm cancellations and all-day events"
gcal_team_charlie,Google Calendar,Live accessible calendar,TEAM CHARLIE,in_scope_operational_date_authority,One calendar event,event_id,start,Yes,Calendar API,Full historical extraction and business explanation on 2026-08-02,"Define event parsing and customer matching; confirm cancellations and all-day events"
gcal_replacement_technician,Google Calendar,Live accessible calendar,REPLACEMENT TECHNICIAN,in_scope_operational_date_authority,One calendar event,event_id,start,Yes,Calendar API,Full historical extraction and business explanation on 2026-08-02,"Define whether events are complimentary warranty or replacement visits; define customer matching"
weather_open_meteo,Open-Meteo,Historical Weather API,Archive endpoint,prototype_exists_not_profiled,One location and timestamp or date,Latitude plus longitude plus time,time,No,HTTPS API,Existing weather prototype,"Final variables; daily versus hourly grain; coordinate policy; coverage; rate limits"
manual_review,Manual input,Unknown,Management review fields,proposed_not_confirmed,One review decision,Unknown,reviewed_at,Potentially,Controlled input,CP1 proposal Appendix A,"Whether Nomobug will maintain review factor; priority; evidence note; reviewer; outcome"
